{
	"start":	{
		"connected":	[{
				"socket":	5,
				"local_host":	"172.19.0.2",
				"local_port":	33420,
				"remote_host":	"172.17.0.1",
				"remote_port":	5201
			}],
		"version":	"iperf 3.19.1",
		"system_info":	"Linux 279c4d765503 6.8.0-85-generic #85-Ubuntu SMP PREEMPT_DYNAMIC Thu Sep 18 15:26:59 UTC 2025 x86_64",
		"timestamp":	{
			"time":	"Wed, 22 Oct 2025 01:45:57 UTC",
			"timesecs":	1761097557
		},
		"connecting_to":	{
			"host":	"172.17.0.1",
			"port":	5201
		},
		"cookie":	"btvtc7sxbo474z3jq6z47xzwn4grhmattda3",
		"tcp_mss_default":	1448,
		"target_bitrate":	0,
		"fq_rate":	0,
		"sock_bufsize":	0,
		"sndbuf_actual":	16384,
		"rcvbuf_actual":	131072,
		"test_start":	{
			"protocol":	"TCP",
			"num_streams":	1,
			"blksize":	131072,
			"omit":	0,
			"duration":	8,
			"bytes":	0,
			"blocks":	0,
			"reverse":	0,
			"tos":	0,
			"target_bitrate":	0,
			"bidir":	0,
			"fqrate":	0,
			"interval":	1
		}
	},
	"intervals":	[{
			"streams":	[{
					"socket":	5,
					"start":	0,
					"end":	1.000829,
					"seconds":	1.0008289813995361,
					"bytes":	3314679808,
					"bits_per_second":	26495474208.709091,
					"retransmits":	0,
					"snd_cwnd":	615400,
					"snd_wnd":	-1,
					"rtt":	34,
					"rttvar":	13,
					"pmtu":	1500,
					"omitted":	false,
					"sender":	true
				}],
			"sum":	{
				"start":	0,
				"end":	1.000829,
				"seconds":	1.0008289813995361,
				"bytes":	3314679808,
				"bits_per_second":	26495474208.709091,
				"retransmits":	0,
				"omitted":	false,
				"sender":	true
			}
		}, {
			"streams":	[{
					"socket":	5,
					"start":	1.000829,
					"end":	2.001134,
					"seconds":	1.0003050565719604,
					"bytes":	2969305088,
					"bits_per_second":	23747196465.652515,
					"retransmits":	0,
					"snd_cwnd":	647256,
					"snd_wnd":	-1,
					"rtt":	35,
					"rttvar":	11,
					"pmtu":	1500,
					"omitted":	false,
					"sender":	true
				}],
			"sum":	{
				"start":	1.000829,
				"end":	2.001134,
				"seconds":	1.0003050565719604,
				"bytes":	2969305088,
				"bits_per_second":	23747196465.652515,
				"retransmits":	0,
				"omitted":	false,
				"sender":	true
			}
		}, {
			"streams":	[{
					"socket":	5,
					"start":	2.001134,
					"end":	3.001196,
					"seconds":	1.0000619888305664,
					"bytes":	3281911808,
					"bits_per_second":	26253667029.882736,
					"retransmits":	0,
					"snd_cwnd":	715312,
					"snd_wnd":	-1,
					"rtt":	38,
					"rttvar":	6,
					"pmtu":	1500,
					"omitted":	false,
					"sender":	true
				}],
			"sum":	{
				"start":	2.001134,
				"end":	3.001196,
				"seconds":	1.0000619888305664,
				"bytes":	3281911808,
				"bits_per_second":	26253667029.882736,
				"retransmits":	0,
				"omitted":	false,
				"sender":	true
			}
		}, {
			"streams":	[{
					"socket":	5,
					"start":	3.001196,
					"end":	4.001002,
					"seconds":	0.999805986881256,
					"bytes":	3170893824,
					"bits_per_second":	25372073107.032494,
					"retransmits":	0,
					"snd_cwnd":	787712,
					"snd_wnd":	-1,
					"rtt":	33,
					"rttvar":	9,
					"pmtu":	1500,
					"omitted":	false,
					"sender":	true
				}],
			"sum":	{
				"start":	3.001196,
				"end":	4.001002,
				"seconds":	0.999805986881256,
				"bytes":	3170893824,
				"bits_per_second":	25372073107.032494,
				"retransmits":	0,
				"omitted":	false,
				"sender":	true
			}
		}, {
			"streams":	[{
					"socket":	5,
					"start":	4.001002,
					"end":	5.000853,
					"seconds":	0.99985098838806152,
					"bytes":	3243245568,
					"bits_per_second":	25949831370.202007,
					"retransmits":	0,
					"snd_cwnd":	787712,
					"snd_wnd":	-1,
					"rtt":	36,
					"rttvar":	8,
					"pmtu":	1500,
					"omitted":	false,
					"sender":	true
				}],
			"sum":	{
				"start":	4.001002,
				"end":	5.000853,
				"seconds":	0.99985098838806152,
				"bytes":	3243245568,
				"bits_per_second":	25949831370.202007,
				"retransmits":	0,
				"omitted":	false,
				"sender":	true
			}
		}, {
			"streams":	[{
					"socket":	5,
					"start":	5.000853,
					"end":	6.000831,
					"seconds":	0.999978005886078,
					"bytes":	3248357376,
					"bits_per_second":	25987430578.508686,
					"retransmits":	0,
					"snd_cwnd":	1068624,
					"snd_wnd":	-1,
					"rtt":	45,
					"rttvar":	5,
					"pmtu":	1500,
					"omitted":	false,
					"sender":	true
				}],
			"sum":	{
				"start":	5.000853,
				"end":	6.000831,
				"seconds":	0.999978005886078,
				"bytes":	3248357376,
				"bits_per_second":	25987430578.508686,
				"retransmits":	0,
				"omitted":	false,
				"sender":	true
			}
		}, {
			"streams":	[{
					"socket":	5,
					"start":	6.000831,
					"end":	7.000825,
					"seconds":	0.99999397993087769,
					"bytes":	3097362432,
					"bits_per_second":	24779048627.585522,
					"retransmits":	0,
					"snd_cwnd":	1068624,
					"snd_wnd":	-1,
					"rtt":	45,
					"rttvar":	3,
					"pmtu":	1500,
					"omitted":	false,
					"sender":	true
				}],
			"sum":	{
				"start":	6.000831,
				"end":	7.000825,
				"seconds":	0.99999397993087769,
				"bytes":	3097362432,
				"bits_per_second":	24779048627.585522,
				"retransmits":	0,
				"omitted":	false,
				"sender":	true
			}
		}, {
			"streams":	[{
					"socket":	5,
					"start":	7.000825,
					"end":	8.001065,
					"seconds":	1.0002399682998657,
					"bytes":	3128033280,
					"bits_per_second":	25018262650.046276,
					"retransmits":	0,
					"snd_cwnd":	1122200,
					"snd_wnd":	-1,
					"rtt":	38,
					"rttvar":	6,
					"pmtu":	1500,
					"omitted":	false,
					"sender":	true
				}],
			"sum":	{
				"start":	7.000825,
				"end":	8.001065,
				"seconds":	1.0002399682998657,
				"bytes":	3128033280,
				"bits_per_second":	25018262650.046276,
				"retransmits":	0,
				"omitted":	false,
				"sender":	true
			}
		}],
	"end":	{
		"streams":	[{
				"sender":	{
					"socket":	5,
					"start":	0,
					"end":	8.001065,
					"seconds":	8.001065,
					"bytes":	26421624832,
					"bits_per_second":	26418107921.382965,
					"retransmits":	0,
					"max_snd_cwnd":	1122200,
					"max_snd_wnd":	0,
					"max_rtt":	45,
					"min_rtt":	33,
					"mean_rtt":	38,
					"sender":	true
				},
				"receiver":	{
					"socket":	5,
					"start":	0,
					"end":	8.001132,
					"seconds":	8.001065,
					"bytes":	26421755904,
					"bits_per_second":	26418017754.48774,
					"sender":	true
				}
			}],
		"sum_sent":	{
			"start":	0,
			"end":	8.001065,
			"seconds":	8.001065,
			"bytes":	26421624832,
			"bits_per_second":	26418107921.382965,
			"retransmits":	0,
			"sender":	true
		},
		"sum_received":	{
			"start":	0,
			"end":	8.001132,
			"seconds":	8.001132,
			"bytes":	26421755904,
			"bits_per_second":	26418017754.48774,
			"sender":	true
		},
		"cpu_utilization_percent":	{
			"host_total":	100.20516546581698,
			"host_user":	0.562696001941555,
			"host_system":	99.6424694638754,
			"remote_total":	83.128883505217,
			"remote_user":	2.0368827073314977,
			"remote_system":	81.091988299679
		},
		"sender_tcp_congestion":	"cubic",
		"receiver_tcp_congestion":	"cubic"
	}
}
