,coefficient,intercept,r_squared,predictions
wireguard_throughput,-2.0867993300024135,849.6351158472675,0.6041378488252117,"{np.int64(1): np.float64(847.548316517265), np.int64(10): np.float64(828.7671225472433), np.int64(25): np.float64(797.4651325972071), np.int64(50): np.float64(745.2951493471468), np.int64(100): np.float64(640.9551828470261)}"
openvpn_throughput,-4.144723195909685,329.3885720394255,0.887513613324769,"{np.int64(1): np.float64(325.2438488435158), np.int64(10): np.float64(287.9413400803287), np.int64(25): np.float64(225.7704921416834), np.int64(50): np.float64(122.15241224394128), np.int64(100): np.float64(-85.08374755154296)}"
ipsec_throughput,-3.4014288814767744,488.08171380151873,0.7605518428677742,"{np.int64(1): np.float64(484.68028492004197), np.int64(10): np.float64(454.067424986751), np.int64(25): np.float64(403.04599176459936), np.int64(50): np.float64(318.01026972768), np.int64(100): np.float64(147.93882565384132)}"
wireguard_latency,0.09145746322112934,11.924543544163631,0.39366867931937294,
openvpn_latency,0.9606514496860318,24.655704735407802,0.9542347371789182,
ipsec_latency,0.5230021075819404,17.596822441776027,0.9106928099316115,
