{
	"start":	{
		"connected":	[{
				"socket":	5,
				"local_host":	"172.19.0.2",
				"local_port":	37072,
				"remote_host":	"172.17.0.1",
				"remote_port":	5201
			}],
		"version":	"iperf 3.19.1",
		"system_info":	"Linux 279c4d765503 6.8.0-85-generic #85-Ubuntu SMP PREEMPT_DYNAMIC Thu Sep 18 15:26:59 UTC 2025 x86_64",
		"timestamp":	{
			"time":	"Wed, 22 Oct 2025 02:05:20 UTC",
			"timesecs":	1761098720
		},
		"connecting_to":	{
			"host":	"172.17.0.1",
			"port":	5201
		},
		"cookie":	"myhmnkdqqfn45lb27srse74ysscakmgg764w",
		"tcp_mss_default":	1448,
		"target_bitrate":	0,
		"fq_rate":	0,
		"sock_bufsize":	0,
		"sndbuf_actual":	16384,
		"rcvbuf_actual":	131072,
		"test_start":	{
			"protocol":	"TCP",
			"num_streams":	1,
			"blksize":	131072,
			"omit":	0,
			"duration":	3,
			"bytes":	0,
			"blocks":	0,
			"reverse":	0,
			"tos":	0,
			"target_bitrate":	0,
			"bidir":	0,
			"fqrate":	0,
			"interval":	1
		}
	},
	"intervals":	[{
			"streams":	[{
					"socket":	5,
					"start":	0,
					"end":	1.001065,
					"seconds":	1.0010650157928467,
					"bytes":	2923823104,
					"bits_per_second":	23365699992.497074,
					"retransmits":	0,
					"snd_cwnd":	589336,
					"snd_wnd":	-1,
					"rtt":	35,
					"rttvar":	18,
					"pmtu":	1500,
					"omitted":	false,
					"sender":	true
				}],
			"sum":	{
				"start":	0,
				"end":	1.001065,
				"seconds":	1.0010650157928467,
				"bytes":	2923823104,
				"bits_per_second":	23365699992.497074,
				"retransmits":	0,
				"omitted":	false,
				"sender":	true
			}
		}, {
			"streams":	[{
					"socket":	5,
					"start":	1.001065,
					"end":	2.000703,
					"seconds":	0.999638020992279,
					"bytes":	2487746560,
					"bits_per_second":	19909179184.9259,
					"retransmits":	0,
					"snd_cwnd":	658840,
					"snd_wnd":	-1,
					"rtt":	32,
					"rttvar":	17,
					"pmtu":	1500,
					"omitted":	false,
					"sender":	true
				}],
			"sum":	{
				"start":	1.001065,
				"end":	2.000703,
				"seconds":	0.999638020992279,
				"bytes":	2487746560,
				"bits_per_second":	19909179184.9259,
				"retransmits":	0,
				"omitted":	false,
				"sender":	true
			}
		}, {
			"streams":	[{
					"socket":	5,
					"start":	2.000703,
					"end":	3.001073,
					"seconds":	1.0003700256347656,
					"bytes":	2513829888,
					"bits_per_second":	20103200404.5095,
					"retransmits":	0,
					"snd_cwnd":	839840,
					"snd_wnd":	-1,
					"rtt":	37,
					"rttvar":	7,
					"pmtu":	1500,
					"omitted":	false,
					"sender":	true
				}],
			"sum":	{
				"start":	2.000703,
				"end":	3.001073,
				"seconds":	1.0003700256347656,
				"bytes":	2513829888,
				"bits_per_second":	20103200404.5095,
				"retransmits":	0,
				"omitted":	false,
				"sender":	true
			}
		}],
	"end":	{
		"streams":	[{
				"sender":	{
					"socket":	5,
					"start":	0,
					"end":	3.001073,
					"seconds":	3.001073,
					"bytes":	7989231616,
					"bits_per_second":	21297000415.518051,
					"retransmits":	0,
					"max_snd_cwnd":	839840,
					"max_snd_wnd":	0,
					"max_rtt":	37,
					"min_rtt":	32,
					"mean_rtt":	34,
					"sender":	true
				},
				"receiver":	{
					"socket":	5,
					"start":	0,
					"end":	3.001168,
					"seconds":	3.001073,
					"bytes":	7989231616,
					"bits_per_second":	21296326272.971058,
					"sender":	true
				}
			}],
		"sum_sent":	{
			"start":	0,
			"end":	3.001073,
			"seconds":	3.001073,
			"bytes":	7989231616,
			"bits_per_second":	21297000415.518051,
			"retransmits":	0,
			"sender":	true
		},
		"sum_received":	{
			"start":	0,
			"end":	3.001168,
			"seconds":	3.001168,
			"bytes":	7989231616,
			"bits_per_second":	21296326272.971058,
			"sender":	true
		},
		"cpu_utilization_percent":	{
			"host_total":	99.938641723627924,
			"host_user":	0.4181489920187606,
			"host_system":	99.520492731609167,
			"remote_total":	69.931017799826662,
			"remote_user":	1.9372526205272609,
			"remote_system":	67.9937651792994
		},
		"sender_tcp_congestion":	"cubic",
		"receiver_tcp_congestion":	"cubic"
	}
}
