{
	"start":	{
		"connected":	[{
				"socket":	5,
				"local_host":	"172.19.0.2",
				"local_port":	46146,
				"remote_host":	"172.17.0.1",
				"remote_port":	5201
			}],
		"version":	"iperf 3.19.1",
		"system_info":	"Linux 279c4d765503 6.8.0-85-generic #85-Ubuntu SMP PREEMPT_DYNAMIC Thu Sep 18 15:26:59 UTC 2025 x86_64",
		"timestamp":	{
			"time":	"Wed, 22 Oct 2025 02:12:43 UTC",
			"timesecs":	1761099163
		},
		"connecting_to":	{
			"host":	"172.17.0.1",
			"port":	5201
		},
		"cookie":	"37yxpjedkmz7xkws3555myrzh3gqexbfrhyq",
		"tcp_mss_default":	1448,
		"target_bitrate":	0,
		"fq_rate":	0,
		"sock_bufsize":	0,
		"sndbuf_actual":	16384,
		"rcvbuf_actual":	131072,
		"test_start":	{
			"protocol":	"TCP",
			"num_streams":	1,
			"blksize":	131072,
			"omit":	0,
			"duration":	3,
			"bytes":	0,
			"blocks":	0,
			"reverse":	0,
			"tos":	0,
			"target_bitrate":	0,
			"bidir":	0,
			"fqrate":	0,
			"interval":	1
		}
	},
	"intervals":	[{
			"streams":	[{
					"socket":	5,
					"start":	0,
					"end":	1.000447,
					"seconds":	1.0004470348358154,
					"bytes":	3229351936,
					"bits_per_second":	25823271586.026325,
					"retransmits":	0,
					"snd_cwnd":	570512,
					"snd_wnd":	-1,
					"rtt":	41,
					"rttvar":	5,
					"pmtu":	1500,
					"omitted":	false,
					"sender":	true
				}],
			"sum":	{
				"start":	0,
				"end":	1.000447,
				"seconds":	1.0004470348358154,
				"bytes":	3229351936,
				"bits_per_second":	25823271586.026325,
				"retransmits":	0,
				"omitted":	false,
				"sender":	true
			}
		}, {
			"streams":	[{
					"socket":	5,
					"start":	1.000447,
					"end":	2.00042,
					"seconds":	0.99997299909591675,
					"bytes":	3139698688,
					"bits_per_second":	25118267719.937443,
					"retransmits":	0,
					"snd_cwnd":	570512,
					"snd_wnd":	-1,
					"rtt":	37,
					"rttvar":	10,
					"pmtu":	1500,
					"omitted":	false,
					"sender":	true
				}],
			"sum":	{
				"start":	1.000447,
				"end":	2.00042,
				"seconds":	0.99997299909591675,
				"bytes":	3139698688,
				"bits_per_second":	25118267719.937443,
				"retransmits":	0,
				"omitted":	false,
				"sender":	true
			}
		}, {
			"streams":	[{
					"socket":	5,
					"start":	2.00042,
					"end":	3.000698,
					"seconds":	1.0002779960632324,
					"bytes":	2961833984,
					"bits_per_second":	23688086677.158241,
					"retransmits":	0,
					"snd_cwnd":	629880,
					"snd_wnd":	-1,
					"rtt":	38,
					"rttvar":	5,
					"pmtu":	1500,
					"omitted":	false,
					"sender":	true
				}],
			"sum":	{
				"start":	2.00042,
				"end":	3.000698,
				"seconds":	1.0002779960632324,
				"bytes":	2961833984,
				"bits_per_second":	23688086677.158241,
				"retransmits":	0,
				"omitted":	false,
				"sender":	true
			}
		}],
	"end":	{
		"streams":	[{
				"sender":	{
					"socket":	5,
					"start":	0,
					"end":	3.000698,
					"seconds":	3.000698,
					"bytes":	9787539456,
					"bits_per_second":	26094034004.088383,
					"retransmits":	0,
					"max_snd_cwnd":	629880,
					"max_snd_wnd":	0,
					"max_rtt":	41,
					"min_rtt":	37,
					"mean_rtt":	38,
					"sender":	true
				},
				"receiver":	{
					"socket":	5,
					"start":	0,
					"end":	3.000818,
					"seconds":	3.000698,
					"bytes":	9787670528,
					"bits_per_second":	26093339957.304974,
					"sender":	true
				}
			}],
		"sum_sent":	{
			"start":	0,
			"end":	3.000698,
			"seconds":	3.000698,
			"bytes":	9787539456,
			"bits_per_second":	26094034004.088383,
			"retransmits":	0,
			"sender":	true
		},
		"sum_received":	{
			"start":	0,
			"end":	3.000818,
			"seconds":	3.000818,
			"bytes":	9787670528,
			"bits_per_second":	26093339957.304974,
			"sender":	true
		},
		"cpu_utilization_percent":	{
			"host_total":	100.29568489951377,
			"host_user":	0.44947436386933759,
			"host_system":	99.846210535644445,
			"remote_total":	82.9778371243413,
			"remote_user":	2.0685283966530585,
			"remote_system":	80.9093753759378
		},
		"sender_tcp_congestion":	"cubic",
		"receiver_tcp_congestion":	"cubic"
	}
}
