protocol,memory_slope,r_squared,p_value,has_memory_leak,avg_memory_usage
wireguard,-0.059166734175328986,0.03413409918641038,0.19898212411888788,False,78.8726304737193
openvpn,0.8616444486138787,0.3346976820768436,1.0797463324651701e-05,False,189.12700009761417
ipsec,-0.01983406889561592,0.0012668250878076566,0.8061552775513843,False,119.68569946664462
