{
	"start":	{
		"connected":	[{
				"socket":	5,
				"local_host":	"172.19.0.2",
				"local_port":	49166,
				"remote_host":	"172.17.0.1",
				"remote_port":	5201
			}],
		"version":	"iperf 3.19.1",
		"system_info":	"Linux 279c4d765503 6.8.0-85-generic #85-Ubuntu SMP PREEMPT_DYNAMIC Thu Sep 18 15:26:59 UTC 2025 x86_64",
		"timestamp":	{
			"time":	"Wed, 22 Oct 2025 02:08:48 UTC",
			"timesecs":	1761098928
		},
		"connecting_to":	{
			"host":	"172.17.0.1",
			"port":	5201
		},
		"cookie":	"joyp5r26aslsgjjc42ehbrrmkt25vr6ussvm",
		"tcp_mss_default":	1448,
		"target_bitrate":	0,
		"fq_rate":	0,
		"sock_bufsize":	0,
		"sndbuf_actual":	16384,
		"rcvbuf_actual":	131072,
		"test_start":	{
			"protocol":	"TCP",
			"num_streams":	1,
			"blksize":	131072,
			"omit":	0,
			"duration":	3,
			"bytes":	0,
			"blocks":	0,
			"reverse":	0,
			"tos":	0,
			"target_bitrate":	0,
			"bidir":	0,
			"fqrate":	0,
			"interval":	1
		}
	},
	"intervals":	[{
			"streams":	[{
					"socket":	5,
					"start":	0,
					"end":	1.001055,
					"seconds":	1.0010550022125244,
					"bytes":	3281518592,
					"bits_per_second":	26224481849.626339,
					"retransmits":	0,
					"snd_cwnd":	593680,
					"snd_wnd":	-1,
					"rtt":	35,
					"rttvar":	9,
					"pmtu":	1500,
					"omitted":	false,
					"sender":	true
				}],
			"sum":	{
				"start":	0,
				"end":	1.001055,
				"seconds":	1.0010550022125244,
				"bytes":	3281518592,
				"bits_per_second":	26224481849.626339,
				"retransmits":	0,
				"omitted":	false,
				"sender":	true
			}
		}, {
			"streams":	[{
					"socket":	5,
					"start":	1.001055,
					"end":	2.001032,
					"seconds":	0.9999769926071167,
					"bytes":	3164864512,
					"bits_per_second":	25319498631.652626,
					"retransmits":	0,
					"snd_cwnd":	654496,
					"snd_wnd":	-1,
					"rtt":	42,
					"rttvar":	3,
					"pmtu":	1500,
					"omitted":	false,
					"sender":	true
				}],
			"sum":	{
				"start":	1.001055,
				"end":	2.001032,
				"seconds":	0.9999769926071167,
				"bytes":	3164864512,
				"bits_per_second":	25319498631.652626,
				"retransmits":	0,
				"omitted":	false,
				"sender":	true
			}
		}, {
			"streams":	[{
					"socket":	5,
					"start":	2.001032,
					"end":	3.001206,
					"seconds":	1.0001740455627441,
					"bytes":	3000107008,
					"bits_per_second":	23996679548.404007,
					"retransmits":	0,
					"snd_cwnd":	654496,
					"snd_wnd":	-1,
					"rtt":	30,
					"rttvar":	9,
					"pmtu":	1500,
					"omitted":	false,
					"sender":	true
				}],
			"sum":	{
				"start":	2.001032,
				"end":	3.001206,
				"seconds":	1.0001740455627441,
				"bytes":	3000107008,
				"bits_per_second":	23996679548.404007,
				"retransmits":	0,
				"omitted":	false,
				"sender":	true
			}
		}],
	"end":	{
		"streams":	[{
				"sender":	{
					"socket":	5,
					"start":	0,
					"end":	3.001206,
					"seconds":	3.001206,
					"bytes":	9835511808,
					"bits_per_second":	26217492056.193413,
					"retransmits":	0,
					"max_snd_cwnd":	654496,
					"max_snd_wnd":	0,
					"max_rtt":	42,
					"min_rtt":	30,
					"mean_rtt":	35,
					"sender":	true
				},
				"receiver":	{
					"socket":	5,
					"start":	0,
					"end":	3.001317,
					"seconds":	3.001206,
					"bytes":	9835511808,
					"bits_per_second":	26216522434.651192,
					"sender":	true
				}
			}],
		"sum_sent":	{
			"start":	0,
			"end":	3.001206,
			"seconds":	3.001206,
			"bytes":	9835511808,
			"bits_per_second":	26217492056.193413,
			"retransmits":	0,
			"sender":	true
		},
		"sum_received":	{
			"start":	0,
			"end":	3.001317,
			"seconds":	3.001317,
			"bytes":	9835511808,
			"bits_per_second":	26216522434.651192,
			"sender":	true
		},
		"cpu_utilization_percent":	{
			"host_total":	100.2610916482318,
			"host_user":	0.53464161190615223,
			"host_system":	99.7264833473295,
			"remote_total":	82.390152105798364,
			"remote_user":	2.0158049825877313,
			"remote_system":	80.374347123210626
		},
		"sender_tcp_congestion":	"cubic",
		"receiver_tcp_congestion":	"cubic"
	}
}
