{
	"start":	{
		"connected":	[{
				"socket":	5,
				"local_host":	"172.19.0.2",
				"local_port":	56696,
				"remote_host":	"172.17.0.1",
				"remote_port":	5201
			}],
		"version":	"iperf 3.19.1",
		"system_info":	"Linux 279c4d765503 6.8.0-85-generic #85-Ubuntu SMP PREEMPT_DYNAMIC Thu Sep 18 15:26:59 UTC 2025 x86_64",
		"timestamp":	{
			"time":	"Wed, 22 Oct 2025 02:08:38 UTC",
			"timesecs":	1761098918
		},
		"connecting_to":	{
			"host":	"172.17.0.1",
			"port":	5201
		},
		"cookie":	"23532ic7vb74ncmllzeiyqkjucxi2q7mgl3h",
		"tcp_mss_default":	1448,
		"target_bitrate":	0,
		"fq_rate":	0,
		"sock_bufsize":	0,
		"sndbuf_actual":	16384,
		"rcvbuf_actual":	131072,
		"test_start":	{
			"protocol":	"TCP",
			"num_streams":	1,
			"blksize":	131072,
			"omit":	0,
			"duration":	3,
			"bytes":	0,
			"blocks":	0,
			"reverse":	0,
			"tos":	0,
			"target_bitrate":	0,
			"bidir":	0,
			"fqrate":	0,
			"interval":	1
		}
	},
	"intervals":	[{
			"streams":	[{
					"socket":	5,
					"start":	0,
					"end":	1.001041,
					"seconds":	1.001041054725647,
					"bytes":	3297902592,
					"bits_per_second":	26355782923.639221,
					"retransmits":	0,
					"snd_cwnd":	495216,
					"snd_wnd":	-1,
					"rtt":	42,
					"rttvar":	3,
					"pmtu":	1500,
					"omitted":	false,
					"sender":	true
				}],
			"sum":	{
				"start":	0,
				"end":	1.001041,
				"seconds":	1.001041054725647,
				"bytes":	3297902592,
				"bits_per_second":	26355782923.639221,
				"retransmits":	0,
				"omitted":	false,
				"sender":	true
			}
		}, {
			"streams":	[{
					"socket":	5,
					"start":	1.001041,
					"end":	2.001028,
					"seconds":	0.999987006187439,
					"bytes":	3269197824,
					"bits_per_second":	26153922431.165806,
					"retransmits":	0,
					"snd_cwnd":	495216,
					"snd_wnd":	-1,
					"rtt":	36,
					"rttvar":	17,
					"pmtu":	1500,
					"omitted":	false,
					"sender":	true
				}],
			"sum":	{
				"start":	1.001041,
				"end":	2.001028,
				"seconds":	0.999987006187439,
				"bytes":	3269197824,
				"bits_per_second":	26153922431.165806,
				"retransmits":	0,
				"omitted":	false,
				"sender":	true
			}
		}, {
			"streams":	[{
					"socket":	5,
					"start":	2.001028,
					"end":	3.001261,
					"seconds":	1.0002330541610718,
					"bytes":	2285764608,
					"bits_per_second":	18281856201.34016,
					"retransmits":	0,
					"snd_cwnd":	558928,
					"snd_wnd":	-1,
					"rtt":	32,
					"rttvar":	18,
					"pmtu":	1500,
					"omitted":	false,
					"sender":	true
				}],
			"sum":	{
				"start":	2.001028,
				"end":	3.001261,
				"seconds":	1.0002330541610718,
				"bytes":	2285764608,
				"bits_per_second":	18281856201.34016,
				"retransmits":	0,
				"omitted":	false,
				"sender":	true
			}
		}],
	"end":	{
		"streams":	[{
				"sender":	{
					"socket":	5,
					"start":	0,
					"end":	3.001261,
					"seconds":	3.001261,
					"bytes":	9084993536,
					"bits_per_second":	24216470439.591892,
					"retransmits":	0,
					"max_snd_cwnd":	558928,
					"max_snd_wnd":	0,
					"max_rtt":	42,
					"min_rtt":	32,
					"mean_rtt":	36,
					"sender":	true
				},
				"receiver":	{
					"socket":	5,
					"start":	0,
					"end":	3.001353,
					"seconds":	3.001261,
					"bytes":	9085124608,
					"bits_per_second":	24216077503.712494,
					"sender":	true
				}
			}],
		"sum_sent":	{
			"start":	0,
			"end":	3.001261,
			"seconds":	3.001261,
			"bytes":	9084993536,
			"bits_per_second":	24216470439.591892,
			"retransmits":	0,
			"sender":	true
		},
		"sum_received":	{
			"start":	0,
			"end":	3.001353,
			"seconds":	3.001353,
			"bytes":	9085124608,
			"bits_per_second":	24216077503.712494,
			"sender":	true
		},
		"cpu_utilization_percent":	{
			"host_total":	100.1494199733802,
			"host_user":	0.662031072426386,
			"host_system":	99.487422209017424,
			"remote_total":	78.1088490315083,
			"remote_user":	2.2866239661381078,
			"remote_system":	75.8222250653702
		},
		"sender_tcp_congestion":	"cubic",
		"receiver_tcp_congestion":	"cubic"
	}
}
