{
	"start":	{
		"connected":	[{
				"socket":	5,
				"local_host":	"172.19.0.2",
				"local_port":	56194,
				"remote_host":	"172.17.0.1",
				"remote_port":	5201
			}],
		"version":	"iperf 3.19.1",
		"system_info":	"Linux 279c4d765503 6.8.0-85-generic #85-Ubuntu SMP PREEMPT_DYNAMIC Thu Sep 18 15:26:59 UTC 2025 x86_64",
		"timestamp":	{
			"time":	"Wed, 22 Oct 2025 02:08:43 UTC",
			"timesecs":	1761098923
		},
		"connecting_to":	{
			"host":	"172.17.0.1",
			"port":	5201
		},
		"cookie":	"r7iu2dabtl3fthu45v6b7lirnajwefehu2y4",
		"tcp_mss_default":	1448,
		"target_bitrate":	0,
		"fq_rate":	0,
		"sock_bufsize":	0,
		"sndbuf_actual":	16384,
		"rcvbuf_actual":	131072,
		"test_start":	{
			"protocol":	"TCP",
			"num_streams":	1,
			"blksize":	131072,
			"omit":	0,
			"duration":	3,
			"bytes":	0,
			"blocks":	0,
			"reverse":	0,
			"tos":	0,
			"target_bitrate":	0,
			"bidir":	0,
			"fqrate":	0,
			"interval":	1
		}
	},
	"intervals":	[{
			"streams":	[{
					"socket":	5,
					"start":	0,
					"end":	1.000352,
					"seconds":	1.0003520250320435,
					"bytes":	3325296640,
					"bits_per_second":	26593011714.199177,
					"retransmits":	0,
					"snd_cwnd":	582096,
					"snd_wnd":	-1,
					"rtt":	37,
					"rttvar":	8,
					"pmtu":	1500,
					"omitted":	false,
					"sender":	true
				}],
			"sum":	{
				"start":	0,
				"end":	1.000352,
				"seconds":	1.0003520250320435,
				"bytes":	3325296640,
				"bits_per_second":	26593011714.199177,
				"retransmits":	0,
				"omitted":	false,
				"sender":	true
			}
		}, {
			"streams":	[{
					"socket":	5,
					"start":	1.000352,
					"end":	2.000331,
					"seconds":	0.999979019165039,
					"bytes":	2907570176,
					"bits_per_second":	23261049444.239407,
					"retransmits":	0,
					"snd_cwnd":	708072,
					"snd_wnd":	-1,
					"rtt":	40,
					"rttvar":	5,
					"pmtu":	1500,
					"omitted":	false,
					"sender":	true
				}],
			"sum":	{
				"start":	1.000352,
				"end":	2.000331,
				"seconds":	0.999979019165039,
				"bytes":	2907570176,
				"bits_per_second":	23261049444.239407,
				"retransmits":	0,
				"omitted":	false,
				"sender":	true
			}
		}, {
			"streams":	[{
					"socket":	5,
					"start":	2.000331,
					"end":	3.001038,
					"seconds":	1.0007070302963257,
					"bytes":	3034185728,
					"bits_per_second":	24256335859.669361,
					"retransmits":	0,
					"snd_cwnd":	708072,
					"snd_wnd":	-1,
					"rtt":	36,
					"rttvar":	5,
					"pmtu":	1500,
					"omitted":	false,
					"sender":	true
				}],
			"sum":	{
				"start":	2.000331,
				"end":	3.001038,
				"seconds":	1.0007070302963257,
				"bytes":	3034185728,
				"bits_per_second":	24256335859.669361,
				"retransmits":	0,
				"omitted":	false,
				"sender":	true
			}
		}],
	"end":	{
		"streams":	[{
				"sender":	{
					"socket":	5,
					"start":	0,
					"end":	3.001038,
					"seconds":	3.001038,
					"bytes":	9958326272,
					"bits_per_second":	26546351687.649406,
					"retransmits":	0,
					"max_snd_cwnd":	708072,
					"max_snd_wnd":	0,
					"max_rtt":	40,
					"min_rtt":	36,
					"mean_rtt":	37,
					"sender":	true
				},
				"receiver":	{
					"socket":	5,
					"start":	0,
					"end":	3.00115,
					"seconds":	3.001038,
					"bytes":	9958457344,
					"bits_per_second":	26545710395.015244,
					"sender":	true
				}
			}],
		"sum_sent":	{
			"start":	0,
			"end":	3.001038,
			"seconds":	3.001038,
			"bytes":	9958326272,
			"bits_per_second":	26546351687.649406,
			"retransmits":	0,
			"sender":	true
		},
		"sum_received":	{
			"start":	0,
			"end":	3.00115,
			"seconds":	3.00115,
			"bytes":	9958457344,
			"bits_per_second":	26545710395.015244,
			"sender":	true
		},
		"cpu_utilization_percent":	{
			"host_total":	100.41755649337823,
			"host_user":	0.37931518070186132,
			"host_system":	100.03827462392434,
			"remote_total":	83.285168736028353,
			"remote_user":	2.2066082960395073,
			"remote_system":	81.078593760360548
		},
		"sender_tcp_congestion":	"cubic",
		"receiver_tcp_congestion":	"cubic"
	}
}
