{
	"start":	{
		"connected":	[{
				"socket":	5,
				"local_host":	"172.19.0.2",
				"local_port":	46050,
				"remote_host":	"172.17.0.1",
				"remote_port":	5201
			}],
		"version":	"iperf 3.19.1",
		"system_info":	"Linux 279c4d765503 6.8.0-85-generic #85-Ubuntu SMP PREEMPT_DYNAMIC Thu Sep 18 15:26:59 UTC 2025 x86_64",
		"timestamp":	{
			"time":	"Wed, 22 Oct 2025 01:53:20 UTC",
			"timesecs":	1761098000
		},
		"connecting_to":	{
			"host":	"172.17.0.1",
			"port":	5201
		},
		"cookie":	"72kydsxugjjetyilar5asj7bx3asna5jmloh",
		"tcp_mss_default":	1448,
		"target_bitrate":	0,
		"fq_rate":	0,
		"sock_bufsize":	0,
		"sndbuf_actual":	16384,
		"rcvbuf_actual":	131072,
		"test_start":	{
			"protocol":	"TCP",
			"num_streams":	1,
			"blksize":	131072,
			"omit":	0,
			"duration":	3,
			"bytes":	0,
			"blocks":	0,
			"reverse":	0,
			"tos":	0,
			"target_bitrate":	0,
			"bidir":	0,
			"fqrate":	0,
			"interval":	1
		}
	},
	"intervals":	[{
			"streams":	[{
					"socket":	5,
					"start":	0,
					"end":	1.000459,
					"seconds":	1.0004589557647705,
					"bytes":	3257925632,
					"bits_per_second":	26051448593.4874,
					"retransmits":	0,
					"snd_cwnd":	540104,
					"snd_wnd":	-1,
					"rtt":	44,
					"rttvar":	5,
					"pmtu":	1500,
					"omitted":	false,
					"sender":	true
				}],
			"sum":	{
				"start":	0,
				"end":	1.000459,
				"seconds":	1.0004589557647705,
				"bytes":	3257925632,
				"bits_per_second":	26051448593.4874,
				"retransmits":	0,
				"omitted":	false,
				"sender":	true
			}
		}, {
			"streams":	[{
					"socket":	5,
					"start":	1.000459,
					"end":	2.001165,
					"seconds":	1.00070595741272,
					"bytes":	3072720896,
					"bits_per_second":	24564425729.567009,
					"retransmits":	0,
					"snd_cwnd":	540104,
					"snd_wnd":	-1,
					"rtt":	43,
					"rttvar":	4,
					"pmtu":	1500,
					"omitted":	false,
					"sender":	true
				}],
			"sum":	{
				"start":	1.000459,
				"end":	2.001165,
				"seconds":	1.00070595741272,
				"bytes":	3072720896,
				"bits_per_second":	24564425729.567009,
				"retransmits":	0,
				"omitted":	false,
				"sender":	true
			}
		}, {
			"streams":	[{
					"socket":	5,
					"start":	2.001165,
					"end":	3.000345,
					"seconds":	0.999180018901825,
					"bytes":	3170893824,
					"bits_per_second":	25387968246.082855,
					"retransmits":	0,
					"snd_cwnd":	624088,
					"snd_wnd":	-1,
					"rtt":	31,
					"rttvar":	15,
					"pmtu":	1500,
					"omitted":	false,
					"sender":	true
				}],
			"sum":	{
				"start":	2.001165,
				"end":	3.000345,
				"seconds":	0.999180018901825,
				"bytes":	3170893824,
				"bits_per_second":	25387968246.082855,
				"retransmits":	0,
				"omitted":	false,
				"sender":	true
			}
		}],
	"end":	{
		"streams":	[{
				"sender":	{
					"socket":	5,
					"start":	0,
					"end":	3.000345,
					"seconds":	3.000345,
					"bytes":	9789898752,
					"bits_per_second":	26103394781.600117,
					"retransmits":	0,
					"max_snd_cwnd":	624088,
					"max_snd_wnd":	0,
					"max_rtt":	44,
					"min_rtt":	31,
					"mean_rtt":	39,
					"sender":	true
				},
				"receiver":	{
					"socket":	5,
					"start":	0,
					"end":	3.000401,
					"seconds":	3.000345,
					"bytes":	9790029824,
					"bits_per_second":	26103257061.972717,
					"sender":	true
				}
			}],
		"sum_sent":	{
			"start":	0,
			"end":	3.000345,
			"seconds":	3.000345,
			"bytes":	9789898752,
			"bits_per_second":	26103394781.600117,
			"retransmits":	0,
			"sender":	true
		},
		"sum_received":	{
			"start":	0,
			"end":	3.000401,
			"seconds":	3.000401,
			"bytes":	9790029824,
			"bits_per_second":	26103257061.972717,
			"sender":	true
		},
		"cpu_utilization_percent":	{
			"host_total":	100.16850409547922,
			"host_user":	0.4669932565040848,
			"host_system":	99.701344234174371,
			"remote_total":	83.4443235352443,
			"remote_user":	2.4847562753819057,
			"remote_system":	80.9595672598624
		},
		"sender_tcp_congestion":	"cubic",
		"receiver_tcp_congestion":	"cubic"
	}
}
