{
	"start":	{
		"connected":	[{
				"socket":	5,
				"local_host":	"172.19.0.2",
				"local_port":	46062,
				"remote_host":	"172.17.0.1",
				"remote_port":	5201
			}],
		"version":	"iperf 3.19.1",
		"system_info":	"Linux 279c4d765503 6.8.0-85-generic #85-Ubuntu SMP PREEMPT_DYNAMIC Thu Sep 18 15:26:59 UTC 2025 x86_64",
		"timestamp":	{
			"time":	"Wed, 22 Oct 2025 01:53:23 UTC",
			"timesecs":	1761098003
		},
		"connecting_to":	{
			"host":	"172.17.0.1",
			"port":	5201
		},
		"cookie":	"koogczo5ql7sugepwlvt6exv3u2oompkreg2",
		"tcp_mss_default":	1448,
		"target_bitrate":	0,
		"fq_rate":	0,
		"sock_bufsize":	0,
		"sndbuf_actual":	16384,
		"rcvbuf_actual":	131072,
		"test_start":	{
			"protocol":	"TCP",
			"num_streams":	1,
			"blksize":	131072,
			"omit":	0,
			"duration":	3,
			"bytes":	0,
			"blocks":	0,
			"reverse":	0,
			"tos":	0,
			"target_bitrate":	0,
			"bidir":	0,
			"fqrate":	0,
			"interval":	1
		}
	},
	"intervals":	[{
			"streams":	[{
					"socket":	5,
					"start":	0,
					"end":	1.000728,
					"seconds":	1.0007280111312866,
					"bytes":	3320184832,
					"bits_per_second":	26542155671.223007,
					"retransmits":	0,
					"snd_cwnd":	668976,
					"snd_wnd":	-1,
					"rtt":	44,
					"rttvar":	6,
					"pmtu":	1500,
					"omitted":	false,
					"sender":	true
				}],
			"sum":	{
				"start":	0,
				"end":	1.000728,
				"seconds":	1.0007280111312866,
				"bytes":	3320184832,
				"bits_per_second":	26542155671.223007,
				"retransmits":	0,
				"omitted":	false,
				"sender":	true
			}
		}, {
			"streams":	[{
					"socket":	5,
					"start":	1.000728,
					"end":	2.000742,
					"seconds":	1.0000139474868774,
					"bytes":	2655780864,
					"bits_per_second":	21245950584.383026,
					"retransmits":	0,
					"snd_cwnd":	668976,
					"snd_wnd":	-1,
					"rtt":	47,
					"rttvar":	2,
					"pmtu":	1500,
					"omitted":	false,
					"sender":	true
				}],
			"sum":	{
				"start":	1.000728,
				"end":	2.000742,
				"seconds":	1.0000139474868774,
				"bytes":	2655780864,
				"bits_per_second":	21245950584.383026,
				"retransmits":	0,
				"omitted":	false,
				"sender":	true
			}
		}, {
			"streams":	[{
					"socket":	5,
					"start":	2.000742,
					"end":	3.001096,
					"seconds":	1.0003540515899658,
					"bytes":	3265658880,
					"bits_per_second":	26116024619.959717,
					"retransmits":	0,
					"snd_cwnd":	944096,
					"snd_wnd":	-1,
					"rtt":	38,
					"rttvar":	6,
					"pmtu":	1500,
					"omitted":	false,
					"sender":	true
				}],
			"sum":	{
				"start":	2.000742,
				"end":	3.001096,
				"seconds":	1.0003540515899658,
				"bytes":	3265658880,
				"bits_per_second":	26116024619.959717,
				"retransmits":	0,
				"omitted":	false,
				"sender":	true
			}
		}],
	"end":	{
		"streams":	[{
				"sender":	{
					"socket":	5,
					"start":	0,
					"end":	3.001096,
					"seconds":	3.001096,
					"bytes":	9882959872,
					"bits_per_second":	26344934975.755524,
					"retransmits":	0,
					"max_snd_cwnd":	944096,
					"max_snd_wnd":	0,
					"max_rtt":	47,
					"min_rtt":	38,
					"mean_rtt":	43,
					"sender":	true
				},
				"receiver":	{
					"socket":	5,
					"start":	0,
					"end":	3.001228,
					"seconds":	3.001096,
					"bytes":	9883090944,
					"bits_per_second":	26344125655.231792,
					"sender":	true
				}
			}],
		"sum_sent":	{
			"start":	0,
			"end":	3.001096,
			"seconds":	3.001096,
			"bytes":	9882959872,
			"bits_per_second":	26344934975.755524,
			"retransmits":	0,
			"sender":	true
		},
		"sum_received":	{
			"start":	0,
			"end":	3.001228,
			"seconds":	3.001228,
			"bytes":	9883090944,
			"bits_per_second":	26344125655.231792,
			"sender":	true
		},
		"cpu_utilization_percent":	{
			"host_total":	100.46123998470307,
			"host_user":	0.590957484373272,
			"host_system":	99.87021587603617,
			"remote_total":	83.247502200755548,
			"remote_user":	2.4311601663577944,
			"remote_system":	80.8163753539368
		},
		"sender_tcp_congestion":	"cubic",
		"receiver_tcp_congestion":	"cubic"
	}
}
