{
	"start":	{
		"connected":	[{
				"socket":	5,
				"local_host":	"127.0.0.1",
				"local_port":	36782,
				"remote_host":	"127.0.0.1",
				"remote_port":	5201
			}],
		"version":	"iperf 3.19.1",
		"system_info":	"Linux a5360a6389f9 6.8.0-85-generic #85-Ubuntu SMP PREEMPT_DYNAMIC Thu Sep 18 15:26:59 UTC 2025 x86_64",
		"timestamp":	{
			"time":	"Tue, 21 Oct 2025 23:44:24 UTC",
			"timesecs":	1761090264
		},
		"connecting_to":	{
			"host":	"127.0.0.1",
			"port":	5201
		},
		"cookie":	"lpzp3ydozoawfz6nc6hveupjg3xenaduzi4v",
		"tcp_mss_default":	32768,
		"target_bitrate":	0,
		"fq_rate":	0,
		"sock_bufsize":	0,
		"sndbuf_actual":	16384,
		"rcvbuf_actual":	131072,
		"test_start":	{
			"protocol":	"TCP",
			"num_streams":	1,
			"blksize":	131072,
			"omit":	0,
			"duration":	10,
			"bytes":	0,
			"blocks":	0,
			"reverse":	0,
			"tos":	0,
			"target_bitrate":	0,
			"bidir":	0,
			"fqrate":	0,
			"interval":	1
		}
	},
	"intervals":	[{
			"streams":	[{
					"socket":	5,
					"start":	0,
					"end":	1.001032,
					"seconds":	1.0010319948196411,
					"bytes":	3563323392,
					"bits_per_second":	28477198814.345707,
					"retransmits":	0,
					"snd_cwnd":	1768041,
					"snd_wnd":	-1,
					"rtt":	95,
					"rttvar":	70,
					"pmtu":	65535,
					"omitted":	false,
					"sender":	true
				}],
			"sum":	{
				"start":	0,
				"end":	1.001032,
				"seconds":	1.0010319948196411,
				"bytes":	3563323392,
				"bits_per_second":	28477198814.345707,
				"retransmits":	0,
				"omitted":	false,
				"sender":	true
			}
		}, {
			"streams":	[{
					"socket":	5,
					"start":	1.001032,
					"end":	2.001023,
					"seconds":	0.999990999698639,
					"bytes":	3595698176,
					"bits_per_second":	28765844309.267689,
					"retransmits":	0,
					"snd_cwnd":	1768041,
					"snd_wnd":	-1,
					"rtt":	35,
					"rttvar":	8,
					"pmtu":	65535,
					"omitted":	false,
					"sender":	true
				}],
			"sum":	{
				"start":	1.001032,
				"end":	2.001023,
				"seconds":	0.999990999698639,
				"bytes":	3595698176,
				"bits_per_second":	28765844309.267689,
				"retransmits":	0,
				"omitted":	false,
				"sender":	true
			}
		}, {
			"streams":	[{
					"socket":	5,
					"start":	2.001023,
					"end":	3.001027,
					"seconds":	1.0000040531158447,
					"bytes":	3623616512,
					"bits_per_second":	28988814600.976219,
					"retransmits":	0,
					"snd_cwnd":	2029973,
					"snd_wnd":	-1,
					"rtt":	35,
					"rttvar":	8,
					"pmtu":	65535,
					"omitted":	false,
					"sender":	true
				}],
			"sum":	{
				"start":	2.001023,
				"end":	3.001027,
				"seconds":	1.0000040531158447,
				"bytes":	3623616512,
				"bits_per_second":	28988814600.976219,
				"retransmits":	0,
				"omitted":	false,
				"sender":	true
			}
		}, {
			"streams":	[{
					"socket":	5,
					"start":	3.001027,
					"end":	4.001912,
					"seconds":	1.000885009765625,
					"bytes":	3496083456,
					"bits_per_second":	27943936990.873066,
					"retransmits":	0,
					"snd_cwnd":	2619320,
					"snd_wnd":	-1,
					"rtt":	36,
					"rttvar":	6,
					"pmtu":	65535,
					"omitted":	false,
					"sender":	true
				}],
			"sum":	{
				"start":	3.001027,
				"end":	4.001912,
				"seconds":	1.000885009765625,
				"bytes":	3496083456,
				"bits_per_second":	27943936990.873066,
				"retransmits":	0,
				"omitted":	false,
				"sender":	true
			}
		}, {
			"streams":	[{
					"socket":	5,
					"start":	4.001912,
					"end":	5.000217,
					"seconds":	0.99830502271652222,
					"bytes":	3542482944,
					"bits_per_second":	28387980534.129158,
					"retransmits":	0,
					"snd_cwnd":	2881252,
					"snd_wnd":	-1,
					"rtt":	35,
					"rttvar":	9,
					"pmtu":	65535,
					"omitted":	false,
					"sender":	true
				}],
			"sum":	{
				"start":	4.001912,
				"end":	5.000217,
				"seconds":	0.99830502271652222,
				"bytes":	3542482944,
				"bits_per_second":	28387980534.129158,
				"retransmits":	0,
				"omitted":	false,
				"sender":	true
			}
		}, {
			"streams":	[{
					"socket":	5,
					"start":	5.000217,
					"end":	6.000205,
					"seconds":	0.9999880194664,
					"bytes":	2879258624,
					"bits_per_second":	23034344955.7437,
					"retransmits":	0,
					"snd_cwnd":	4387361,
					"snd_wnd":	-1,
					"rtt":	54,
					"rttvar":	10,
					"pmtu":	65535,
					"omitted":	false,
					"sender":	true
				}],
			"sum":	{
				"start":	5.000217,
				"end":	6.000205,
				"seconds":	0.9999880194664,
				"bytes":	2879258624,
				"bits_per_second":	23034344955.7437,
				"retransmits":	0,
				"omitted":	false,
				"sender":	true
			}
		}, {
			"streams":	[{
					"socket":	5,
					"start":	6.000205,
					"end":	7.000458,
					"seconds":	1.0002529621124268,
					"bytes":	3525967872,
					"bits_per_second":	28200609290.3022,
					"retransmits":	0,
					"snd_cwnd":	4387361,
					"snd_wnd":	-1,
					"rtt":	34,
					"rttvar":	7,
					"pmtu":	65535,
					"omitted":	false,
					"sender":	true
				}],
			"sum":	{
				"start":	6.000205,
				"end":	7.000458,
				"seconds":	1.0002529621124268,
				"bytes":	3525967872,
				"bits_per_second":	28200609290.3022,
				"retransmits":	0,
				"omitted":	false,
				"sender":	true
			}
		}, {
			"streams":	[{
					"socket":	5,
					"start":	7.000458,
					"end":	8.000211,
					"seconds":	0.99975299835205078,
					"bytes":	3499884544,
					"bits_per_second":	28005993878.64048,
					"retransmits":	0,
					"snd_cwnd":	4387361,
					"snd_wnd":	-1,
					"rtt":	50,
					"rttvar":	6,
					"pmtu":	65535,
					"omitted":	false,
					"sender":	true
				}],
			"sum":	{
				"start":	7.000458,
				"end":	8.000211,
				"seconds":	0.99975299835205078,
				"bytes":	3499884544,
				"bits_per_second":	28005993878.64048,
				"retransmits":	0,
				"omitted":	false,
				"sender":	true
			}
		}, {
			"streams":	[{
					"socket":	5,
					"start":	8.000211,
					"end":	9.000843,
					"seconds":	1.0006320476531982,
					"bytes":	3273916416,
					"bits_per_second":	26174787614.915031,
					"retransmits":	0,
					"snd_cwnd":	4387361,
					"snd_wnd":	-1,
					"rtt":	50,
					"rttvar":	15,
					"pmtu":	65535,
					"omitted":	false,
					"sender":	true
				}],
			"sum":	{
				"start":	8.000211,
				"end":	9.000843,
				"seconds":	1.0006320476531982,
				"bytes":	3273916416,
				"bits_per_second":	26174787614.915031,
				"retransmits":	0,
				"omitted":	false,
				"sender":	true
			}
		}, {
			"streams":	[{
					"socket":	5,
					"start":	9.000843,
					"end":	10.001128,
					"seconds":	1.0002850294113159,
					"bytes":	3571318784,
					"bits_per_second":	28562409145.335541,
					"retransmits":	0,
					"snd_cwnd":	4387361,
					"snd_wnd":	-1,
					"rtt":	34,
					"rttvar":	8,
					"pmtu":	65535,
					"omitted":	false,
					"sender":	true
				}],
			"sum":	{
				"start":	9.000843,
				"end":	10.001128,
				"seconds":	1.0002850294113159,
				"bytes":	3571318784,
				"bits_per_second":	28562409145.335541,
				"retransmits":	0,
				"omitted":	false,
				"sender":	true
			}
		}],
	"end":	{
		"streams":	[{
				"sender":	{
					"socket":	5,
					"start":	0,
					"end":	10.001128,
					"seconds":	10.001128,
					"bytes":	35598630912,
					"bits_per_second":	28475692671.46666,
					"retransmits":	0,
					"max_snd_cwnd":	4387361,
					"max_snd_wnd":	0,
					"max_rtt":	95,
					"min_rtt":	34,
					"mean_rtt":	45,
					"sender":	true
				},
				"receiver":	{
					"socket":	5,
					"start":	0,
					"end":	10.001216,
					"seconds":	10.001128,
					"bytes":	35598761984,
					"bits_per_second":	28475546960.689583,
					"sender":	true
				}
			}],
		"sum_sent":	{
			"start":	0,
			"end":	10.001128,
			"seconds":	10.001128,
			"bytes":	35598630912,
			"bits_per_second":	28475692671.46666,
			"retransmits":	0,
			"sender":	true
		},
		"sum_received":	{
			"start":	0,
			"end":	10.001216,
			"seconds":	10.001216,
			"bytes":	35598761984,
			"bits_per_second":	28475546960.689583,
			"sender":	true
		},
		"cpu_utilization_percent":	{
			"host_total":	100.21607749755623,
			"host_user":	0.703911540599964,
			"host_system":	99.512165956956267,
			"remote_total":	58.787029195408969,