{
	"start":	{
		"connected":	[{
				"socket":	5,
				"local_host":	"127.0.0.1",
				"local_port":	52200,
				"remote_host":	"127.0.0.1",
				"remote_port":	5201
			}],
		"version":	"iperf 3.19.1",
		"system_info":	"Linux 02179a65e785 6.8.0-85-generic #85-Ubuntu SMP PREEMPT_DYNAMIC Thu Sep 18 15:26:59 UTC 2025 x86_64",
		"timestamp":	{
			"time":	"Tue, 21 Oct 2025 23:44:05 UTC",
			"timesecs":	1761090245
		},
		"connecting_to":	{
			"host":	"127.0.0.1",
			"port":	5201
		},
		"cookie":	"ldscknud3bt26ayfss5dfhozv6bzyv6seo42",
		"tcp_mss_default":	32768,
		"target_bitrate":	0,
		"fq_rate":	0,
		"sock_bufsize":	0,
		"sndbuf_actual":	16384,
		"rcvbuf_actual":	131072,
		"test_start":	{
			"protocol":	"TCP",
			"num_streams":	1,
			"blksize":	131072,
			"omit":	0,
			"duration":	10,
			"bytes":	0,
			"blocks":	0,
			"reverse":	0,
			"tos":	0,
			"target_bitrate":	0,
			"bidir":	0,
			"fqrate":	0,
			"interval":	1
		}
	},
	"intervals":	[{
			"streams":	[{
					"socket":	5,
					"start":	0,
					"end":	1.001027,
					"seconds":	1.00102698802948,
					"bytes":	3826647040,
					"bits_per_second":	30581769209.101933,
					"retransmits":	0,
					"snd_cwnd":	2095456,
					"snd_wnd":	-1,
					"rtt":	33,
					"rttvar":	8,
					"pmtu":	65535,
					"omitted":	false,
					"sender":	true
				}],
			"sum":	{
				"start":	0,
				"end":	1.001027,
				"seconds":	1.00102698802948,
				"bytes":	3826647040,
				"bits_per_second":	30581769209.101933,
				"retransmits":	0,
				"omitted":	false,
				"sender":	true
			}
		}, {
			"streams":	[{
					"socket":	5,
					"start":	1.001027,
					"end":	2.001196,
					"seconds":	1.000169038772583,
					"bytes":	3807903744,
					"bits_per_second":	30458081355.312466,
					"retransmits":	0,
					"snd_cwnd":	2095456,
					"snd_wnd":	-1,
					"rtt":	35,
					"rttvar":	10,
					"pmtu":	65535,
					"omitted":	false,
					"sender":	true
				}],
			"sum":	{
				"start":	1.001027,
				"end":	2.001196,
				"seconds":	1.000169038772583,
				"bytes":	3807903744,
				"bits_per_second":	30458081355.312466,
				"retransmits":	0,
				"omitted":	false,
				"sender":	true
			}
		}, {
			"streams":	[{
					"socket":	5,
					"start":	2.001196,
					"end":	3.001021,
					"seconds":	0.99982500076293945,
					"bytes":	3721789440,
					"bits_per_second":	29779526914.490059,
					"retransmits":	0,
					"snd_cwnd":	2291905,
					"snd_wnd":	-1,
					"rtt":	34,
					"rttvar":	10,
					"pmtu":	65535,
					"omitted":	false,
					"sender":	true
				}],
			"sum":	{
				"start":	2.001196,
				"end":	3.001021,
				"seconds":	0.99982500076293945,
				"bytes":	3721789440,
				"bits_per_second":	29779526914.490059,
				"retransmits":	0,
				"omitted":	false,
				"sender":	true
			}
		}, {
			"streams":	[{
					"socket":	5,
					"start":	3.001021,
					"end":	4.001275,
					"seconds":	1.0002540349960327,
					"bytes":	3493199872,
					"bits_per_second":	27938501618.8521,
					"retransmits":	0,
					"snd_cwnd":	2291905,
					"snd_wnd":	-1,
					"rtt":	35,
					"rttvar":	9,
					"pmtu":	65535,
					"omitted":	false,
					"sender":	true
				}],
			"sum":	{
				"start":	3.001021,
				"end":	4.001275,
				"seconds":	1.0002540349960327,
				"bytes":	3493199872,
				"bits_per_second":	27938501618.8521,
				"retransmits":	0,
				"omitted":	false,
				"sender":	true
			}
		}, {
			"streams":	[{
					"socket":	5,
					"start":	4.001275,
					"end":	5.001029,
					"seconds":	0.999754011631012,
					"bytes":	3642490880,
					"bits_per_second":	29147096886.823925,
					"retransmits":	0,
					"snd_cwnd":	2291905,
					"snd_wnd":	-1,
					"rtt":	35,
					"rttvar":	8,
					"pmtu":	65535,
					"omitted":	false,
					"sender":	true
				}],
			"sum":	{
				"start":	4.001275,
				"end":	5.001029,
				"seconds":	0.999754011631012,
				"bytes":	3642490880,
				"bits_per_second":	29147096886.823925,
				"retransmits":	0,
				"omitted":	false,
				"sender":	true
			}
		}, {
			"streams":	[{
					"socket":	5,
					"start":	5.001029,
					"end":	6.000414,
					"seconds":	0.99938499927520752,
					"bytes":	3576692736,
					"bits_per_second":	28631150066.042259,
					"retransmits":	0,
					"snd_cwnd":	3208667,
					"snd_wnd":	-1,
					"rtt":	36,
					"rttvar":	10,
					"pmtu":	65535,
					"omitted":	false,
					"sender":	true
				}],
			"sum":	{
				"start":	5.001029,
				"end":	6.000414,
				"seconds":	0.99938499927520752,
				"bytes":	3576692736,
				"bits_per_second":	28631150066.042259,
				"retransmits":	0,
				"omitted":	false,
				"sender":	true
			}
		}, {
			"streams":	[{
					"socket":	5,
					"start":	6.000414,
					"end":	7.000964,
					"seconds":	1.0005500316619873,
					"bytes":	3347972096,
					"bits_per_second":	26769052941.320858,
					"retransmits":	0,
					"snd_cwnd":	3601565,
					"snd_wnd":	-1,
					"rtt":	36,
					"rttvar":	6,
					"pmtu":	65535,
					"omitted":	false,
					"sender":	true
				}],
			"sum":	{
				"start":	6.000414,
				"end":	7.000964,
				"seconds":	1.0005500316619873,
				"bytes":	3347972096,
				"bits_per_second":	26769052941.320858,
				"retransmits":	0,
				"omitted":	false,
				"sender":	true
			}
		}, {
			"streams":	[{
					"socket":	5,
					"start":	7.000964,
					"end":	8.000972,
					"seconds":	1.0000079870224,
					"bytes":	3147431936,
					"bits_per_second":	25179254380.731247,
					"retransmits":	0,
					"snd_cwnd":	5435089,
					"snd_wnd":	-1,
					"rtt":	133,
					"rttvar":	84,
					"pmtu":	65535,
					"omitted":	false,
					"sender":	true
				}],
			"sum":	{
				"start":	7.000964,
				"end":	8.000972,
				"seconds":	1.0000079870224,
				"bytes":	3147431936,
				"bits_per_second":	25179254380.731247,
				"retransmits":	0,
				"omitted":	false,
				"sender":	true
			}
		}, {
			"streams":	[{
					"socket":	5,
					"start":	8.000972,
					"end":	9.000973,
					"seconds":	1.0000009536743164,
					"bytes":	3111649280,
					"bits_per_second":	24893170500.02264,
					"retransmits":	0,
					"snd_cwnd":	5435089,
					"snd_wnd":	-1,
					"rtt":	34,
					"rttvar":	14,
					"pmtu":	65535,
					"omitted":	false,
					"sender":	true
				}],
			"sum":	{
				"start":	8.000972,
				"end":	9.000973,
				"seconds":	1.0000009536743164,
				"bytes":	3111649280,
				"bits_per_second":	24893170500.02264,
				"retransmits":	0,
				"omitted":	false,
				"sender":	true
			}
		}, {
			"streams":	[{
					"socket":	5,
					"start":	9.000973,
					"end":	10.000495,
					"seconds":	0.99952197074890137,
					"bytes":	3391619072,
					"bits_per_second":	27145929124.1696,
					"retransmits":	0,
					"snd_cwnd":	5435089,
					"snd_wnd":	-1,
					"rtt":	32,
					"rttvar":	7,
					"pmtu":	65535,
					"omitted":	false,
					"sender":	true
				}],
			"sum":	{
				"start":	9.000973,
				"end":	10.000495,
				"seconds":	0.99952197074890137,
				"bytes":	3391619072,
				"bits_per_second":	27145929124.1696,
				"retransmits":	0,
				"omitted":	false,
				"sender":	true
			}
		}],
	"end":	{
		"streams":	[{
				"sender":	{
					"socket":	5,
					"start":	0,
					"end":	10.000495,
					"seconds":	10.000495,
					"bytes":	36608016384,
					"bits_per_second":	29284963501.506672,
					"retransmits":	0,
					"max_snd_cwnd":	5435089,
					"max_snd_wnd":	0,
					"max_rtt":	133,
					"min_rtt":	32,
					"mean_rtt":	44,
					"sender":	true
				},
				"receiver":	{
					"socket":	5,
					"start":	0,
					"end":	10.000583,
					"seconds":	10.000495,
					"bytes":	36608016384,
					"bits_per_second":	29284705808.851341,
					"sender":	true
				}
			}],
		"sum_sent":	{
			"start":	0,
			"end":	10.000495,
			"seconds":	10.000495,
			"bytes":	36608016384,
			"bits_per_second":	29284963501.506672,
			"retransmits":	0,
			"sender":	true
		},
		"sum_received":	{
			"start":	0,
			"end":	10.000583,
			"seconds":	10.000583,
			"bytes":	36608016384,
			"bits_per_second":	29284705808.851341,
			"sender":	true
		},
		"cpu_utilization_percent":	{
			"host_total":	100.12161085845088,
			"host_user":	0.56317135682843522,
			"host_system":	99.5584295031962,
			"remote_total":	57.025269888860642,