{
	"start":	{
		"connected":	[{
				"socket":	5,
				"local_host":	"127.0.0.1",
				"local_port":	58880,
				"remote_host":	"127.0.0.1",
				"remote_port":	5201
			}],
		"version":	"iperf 3.19.1",
		"system_info":	"Linux 279c4d765503 6.8.0-85-generic #85-Ubuntu SMP PREEMPT_DYNAMIC Thu Sep 18 15:26:59 UTC 2025 x86_64",
		"timestamp":	{
			"time":	"Tue, 21 Oct 2025 23:43:45 UTC",
			"timesecs":	1761090225
		},
		"connecting_to":	{
			"host":	"127.0.0.1",
			"port":	5201
		},
		"cookie":	"5jr4hl37mpqg55awyuqw4wlvvn52hmzcqbm7",
		"tcp_mss_default":	32768,
		"target_bitrate":	0,
		"fq_rate":	0,
		"sock_bufsize":	0,
		"sndbuf_actual":	16384,
		"rcvbuf_actual":	131072,
		"test_start":	{
			"protocol":	"TCP",
			"num_streams":	1,
			"blksize":	131072,
			"omit":	0,
			"duration":	10,
			"bytes":	0,
			"blocks":	0,
			"reverse":	0,
			"tos":	0,
			"target_bitrate":	0,
			"bidir":	0,
			"fqrate":	0,
			"interval":	1
		}
	},
	"intervals":	[{
			"streams":	[{
					"socket":	5,
					"start":	0,
					"end":	1.001025,
					"seconds":	1.0010249614715576,
					"bytes":	3737255936,
					"bits_per_second":	29867434518.364407,
					"retransmits":	0,
					"snd_cwnd":	2095456,
					"snd_wnd":	-1,
					"rtt":	34,
					"rttvar":	9,
					"pmtu":	65535,
					"omitted":	false,
					"sender":	true
				}],
			"sum":	{
				"start":	0,
				"end":	1.001025,
				"seconds":	1.0010249614715576,
				"bytes":	3737255936,
				"bits_per_second":	29867434518.364407,
				"retransmits":	0,
				"omitted":	false,
				"sender":	true
			}
		}, {
			"streams":	[{
					"socket":	5,
					"start":	1.001025,
					"end":	2.000952,
					"seconds":	0.99992698431015,
					"bytes":	3524919296,
					"bits_per_second":	28201413513.662441,
					"retransmits":	0,
					"snd_cwnd":	2095456,
					"snd_wnd":	-1,
					"rtt":	34,
					"rttvar":	9,
					"pmtu":	65535,
					"omitted":	false,
					"sender":	true
				}],
			"sum":	{
				"start":	1.001025,
				"end":	2.000952,
				"seconds":	0.99992698431015,
				"bytes":	3524919296,
				"bits_per_second":	28201413513.662441,
				"retransmits":	0,
				"omitted":	false,
				"sender":	true
			}
		}, {
			"streams":	[{
					"socket":	5,
					"start":	2.000952,
					"end":	3.001015,
					"seconds":	1.0000629425048828,
					"bytes":	3706847232,
					"bits_per_second":	29652911427.477688,
					"retransmits":	0,
					"snd_cwnd":	2488354,
					"snd_wnd":	-1,
					"rtt":	35,
					"rttvar":	8,
					"pmtu":	65535,
					"omitted":	false,
					"sender":	true
				}],
			"sum":	{
				"start":	2.000952,
				"end":	3.001015,
				"seconds":	1.0000629425048828,
				"bytes":	3706847232,
				"bits_per_second":	29652911427.477688,
				"retransmits":	0,
				"omitted":	false,
				"sender":	true
			}
		}, {
			"streams":	[{
					"socket":	5,
					"start":	3.001015,
					"end":	4.000954,
					"seconds":	0.99993902444839478,
					"bytes":	3470262272,
					"bits_per_second":	27763791088.476273,
					"retransmits":	0,
					"snd_cwnd":	2488354,
					"snd_wnd":	-1,
					"rtt":	35,
					"rttvar":	8,
					"pmtu":	65535,
					"omitted":	false,
					"sender":	true
				}],
			"sum":	{
				"start":	3.001015,
				"end":	4.000954,
				"seconds":	0.99993902444839478,
				"bytes":	3470262272,
				"bits_per_second":	27763791088.476273,
				"retransmits":	0,
				"omitted":	false,
				"sender":	true
			}
		}, {
			"streams":	[{
					"socket":	5,
					"start":	4.000954,
					"end":	5.000956,
					"seconds":	1.0000020265579224,
					"bytes":	3472228352,
					"bits_per_second":	27777770522.739082,
					"retransmits":	0,
					"snd_cwnd":	2488354,
					"snd_wnd":	-1,
					"rtt":	40,
					"rttvar":	18,
					"pmtu":	65535,
					"omitted":	false,
					"sender":	true
				}],
			"sum":	{
				"start":	4.000954,
				"end":	5.000956,
				"seconds":	1.0000020265579224,
				"bytes":	3472228352,
				"bits_per_second":	27777770522.739082,
				"retransmits":	0,
				"omitted":	false,
				"sender":	true
			}
		}, {
			"streams":	[{
					"socket":	5,
					"start":	5.000956,
					"end":	6.000956,
					"seconds":	1,
					"bytes":	3479306240,
					"bits_per_second":	27834449920,
					"retransmits":	0,
					"snd_cwnd":	2488354,
					"snd_wnd":	-1,
					"rtt":	36,
					"rttvar":	8,
					"pmtu":	65535,
					"omitted":	false,
					"sender":	true
				}],
			"sum":	{
				"start":	5.000956,
				"end":	6.000956,
				"seconds":	1,
				"bytes":	3479306240,
				"bits_per_second":	27834449920,
				"retransmits":	0,
				"omitted":	false,
				"sender":	true
			}
		}, {
			"streams":	[{
					"socket":	5,
					"start":	6.000956,
					"end":	7.000632,
					"seconds":	0.999675989151001,
					"bytes":	3677618176,
					"bits_per_second":	29430481203.2011,
					"retransmits":	0,
					"snd_cwnd":	2488354,
					"snd_wnd":	-1,
					"rtt":	35,
					"rttvar":	9,
					"pmtu":	65535,
					"omitted":	false,
					"sender":	true
				}],
			"sum":	{
				"start":	6.000956,
				"end":	7.000632,
				"seconds":	0.999675989151001,
				"bytes":	3677618176,
				"bits_per_second":	29430481203.2011,
				"retransmits":	0,
				"omitted":	false,
				"sender":	true
			}
		}, {
			"streams":	[{
					"socket":	5,
					"start":	7.000632,
					"end":	8.001034,
					"seconds":	1.0004019737243652,
					"bytes":	3676176384,
					"bits_per_second":	29397594011.647762,
					"retransmits":	0,
					"snd_cwnd":	5697021,
					"snd_wnd":	-1,
					"rtt":	36,
					"rttvar":	10,
					"pmtu":	65535,
					"omitted":	false,
					"sender":	true
				}],
			"sum":	{
				"start":	7.000632,
				"end":	8.001034,
				"seconds":	1.0004019737243652,
				"bytes":	3676176384,
				"bits_per_second":	29397594011.647762,
				"retransmits":	0,
				"omitted":	false,
				"sender":	true
			}
		}, {
			"streams":	[{
					"socket":	5,
					"start":	8.001034,
					"end":	9.000668,
					"seconds":	0.999634027481079,
					"bytes":	3738959872,
					"bits_per_second":	29922629836.2139,
					"retransmits":	0,
					"snd_cwnd":	5697021,
					"snd_wnd":	-1,
					"rtt":	30,
					"rttvar":	4,
					"pmtu":	65535,
					"omitted":	false,
					"sender":	true
				}],
			"sum":	{
				"start":	8.001034,
				"end":	9.000668,
				"seconds":	0.999634027481079,
				"bytes":	3738959872,
				"bits_per_second":	29922629836.2139,
				"retransmits":	0,
				"omitted":	false,
				"sender":	true
			}
		}, {
			"streams":	[{
					"socket":	5,
					"start":	9.000668,
					"end":	10.000665,
					"seconds":	0.99999701976776123,
					"bytes":	3797680128,
					"bits_per_second":	30381531568.019844,
					"retransmits":	0,
					"snd_cwnd":	5697021,
					"snd_wnd":	-1,
					"rtt":	35,
					"rttvar":	8,
					"pmtu":	65535,
					"omitted":	false,
					"sender":	true
				}],
			"sum":	{
				"start":	9.000668,
				"end":	10.000665,
				"seconds":	0.99999701976776123,
				"bytes":	3797680128,
				"bits_per_second":	30381531568.019844,
				"retransmits":	0,
				"omitted":	false,
				"sender":	true
			}
		}],
	"end":	{
		"streams":	[{
				"sender":	{
					"socket":	5,
					"start":	0,
					"end":	10.000665,
					"seconds":	10.000665,
					"bytes":	38121111552,
					"bits_per_second":	30494861333.321335,
					"retransmits":	0,
					"max_snd_cwnd":	5697021,
					"max_snd_wnd":	0,
					"max_rtt":	40,
					"min_rtt":	30,
					"mean_rtt":	35,
					"sender":	true
				},
				"receiver":	{
					"socket":	5,
					"start":	0,
					"end":	10.000811,
					"seconds":	10.000665,
					"bytes":	38120980480,
					"bits_per_second":	30494311295.353947,
					"sender":	true
				}
			}],
		"sum_sent":	{
			"start":	0,
			"end":	10.000665,
			"seconds":	10.000665,
			"bytes":	38121111552,
			"bits_per_second":	30494861333.321335,
			"retransmits":	0,
			"sender":	true
		},
		"sum_received":	{
			"start":	0,
			"end":	10.000811,
			"seconds":	10.000811,
			"bytes":	38120980480,
			"bits_per_second":	30494311295.353947,
			"sender":	true
		},
		"cpu_utilization_percent":	{
			"host_total":	100.26638953542957,
			"host_user":	0.62150559330037769,
			"host_system":	99.6448839421292,
			"remote_total":	55.867977652236988,
			"remote_user":	1.7974022535347596,